,mean,std,2.5q,25q,50q,75q,97.5q,mc err
a(control),2.0430983619,0.0799630726514,1.88455533116,1.99096437546,2.04295405829,2.09600760063,2.20203796444,0.0027871408902
a(empathy),1.97291001021,0.0833676197943,1.81647919184,1.91806468669,1.97430601391,2.02810188164,2.14194015448,0.00304080891828
a(emprecip),2.06740584272,0.0821987877155,1.91047059813,2.01429775508,2.0685479219,2.12086871466,2.23364250773,0.00278749507372
a(reciprocity),1.95713787439,0.0813677690551,1.79661961871,1.90303367897,1.95480301055,2.01147644721,2.11937520419,0.00284880153483
a_std,0.402163687123,0.0352827514464,0.339010477174,0.377882236375,0.400551808382,0.425609034702,0.472413512671,0.00132118440894
a_subj(control).0,1.66512792161,0.131732821629,1.41325552655,1.57572533484,1.66000034229,1.75410629085,1.932191886,0.00440482991414
a_subj(control).1,1.57173574907,0.132314656118,1.32291454351,1.48094655333,1.5651563844,1.65753464725,1.84881966496,0.00344217472078
a_subj(control).2,1.81875440488,0.130955498837,1.57801105297,1.72941062203,1.81376307027,1.90286265399,2.0883836267,0.00307730333944
a_subj(control).3,2.03153842019,0.151237459207,1.74829363464,1.9318257074,2.02725992509,2.12849546827,2.35567789914,0.00405439073677
a_subj(control).4,2.49729129393,0.282316464901,2.00745898847,2.29760823813,2.46947446822,2.67098531422,3.11722867667,0.00636703520626
a_subj(control).5,2.26364060584,0.206611824943,1.89345272585,2.11728179962,2.2493376736,2.39687540354,2.70530150441,0.00572424475199
a_subj(control).6,1.68064045758,0.128714862806,1.43457092235,1.59063727472,1.67753517675,1.76692546191,1.94556744662,0.00354172911558
a_subj(control).7,1.532636592,0.123179651099,1.30457101091,1.44724851056,1.52759736647,1.61216261389,1.78629655139,0.00348766747308
a_subj(control).8,1.76134312614,0.146920059906,1.50290515235,1.65733230953,1.75211180469,1.85636465214,2.07114469842,0.00409176985707
a_subj(control).9,2.21724038234,0.188743711638,1.87652845431,2.08432648631,2.20633449166,2.33458372414,2.62923339948,0.00421913331058
a_subj(control).10,2.10032101415,0.19340698925,1.75303431781,1.96201407201,2.09028992554,2.22448131322,2.50203343616,0.00434811637923
a_subj(control).11,1.71240471911,0.148009545792,1.44365107259,1.61007373355,1.7058483712,1.80721776992,2.02175239087,0.0045540787195
a_subj(control).12,2.30504231018,0.172598733508,1.98681691741,2.18402237143,2.29883315306,2.41472779752,2.6670452573,0.00447427340828
a_subj(control).13,2.83119315832,0.33423372332,2.28305096773,2.58477944614,2.7964238076,3.02374579519,3.59573840298,0.011428857526
a_subj(control).14,2.57494327871,0.259373606619,2.12462030848,2.39643591266,2.55940052203,2.72514310211,3.16824902918,0.00717517443248
a_subj(control).15,1.97183518136,0.179965053269,1.64434011521,1.84517240596,1.96106475108,2.0860748762,2.35206364254,0.00555840660704
a_subj(control).16,2.06346412627,0.171543445383,1.76139900746,1.94123715901,2.05067811921,2.1675476654,2.43073181875,0.00394243196045
a_subj(control).17,1.26545737132,0.114576597155,1.05125267999,1.18453290728,1.26249817636,1.34125172917,1.50387536616,0.00389885941072
a_subj(control).18,2.56375396872,0.226335046902,2.16331671774,2.40521327404,2.55155368085,2.71561925114,3.03664754563,0.00531396278291
a_subj(control).19,2.38824444975,0.175333646016,2.06227198216,2.26407457499,2.38683146805,2.50301368314,2.7459889765,0.00425863913726
a_subj(control).20,2.44454083508,0.182397576719,2.12710901946,2.31498898004,2.43555424203,2.56141226089,2.82340031964,0.00453000272253
a_subj(control).21,1.91088155146,0.177165568524,1.59189446735,1.7875878291,1.90010956646,2.02082667981,2.28540788786,0.00448174368957
a_subj(control).22,1.99691074389,0.167901553127,1.67228705482,1.88403150869,1.99414571089,2.10635860538,2.33148532627,0.0065940620939
a_subj(control).23,1.98372572927,0.251881197729,1.53778410516,1.80789177533,1.96781952463,2.13820708358,2.54612919902,0.00692499460198
a_subj(control).24,2.30510575967,0.162249563657,2.01462167996,2.19180143614,2.29360253451,2.41120179266,2.6457691054,0.00469587908422
a_subj(control).25,1.93837933608,0.138979254134,1.68150816484,1.84543311421,1.93240935814,2.02827064804,2.2401898393,0.00344885782667
a_subj(control).26,1.63800442782,0.133949965703,1.38889068087,1.54508152051,1.63478192241,1.72263492885,1.92093300061,0.00382636582107
a_subj(control).27,1.72409924904,0.161727400794,1.43624821616,1.61241447948,1.71582132773,1.82819534666,2.06753829172,0.00423818807509
a_subj(control).28,2.23761823774,0.203101449811,1.8709920289,2.09769155709,2.22755371502,2.36989001619,2.66602600906,0.00550044629759
a_subj(control).29,1.6608831408,0.297446783184,1.14322598803,1.45144177665,1.63673627663,1.8626887252,2.29477513416,0.00891100467411
a_subj(control).30,2.31145763323,0.202213766046,1.9435723354,2.1705144995,2.29891778339,2.43853892832,2.74911680771,0.00555500529691
a_subj(control).31,2.27558656503,0.177275454641,1.95203203498,2.15060863855,2.26541148266,2.38983968967,2.64991455492,0.0044735913981
a_subj(control).32,2.39354947668,0.183548454095,2.07924504628,2.26337590512,2.38413323033,2.50393198069,2.79390273542,0.00481118913127
a_subj(empathy).0,1.41039989358,0.301389284796,0.879224773066,1.19751510678,1.39037508232,1.60079060517,2.06806403225,0.00877270873929
a_subj(empathy).1,2.1404794425,0.164579198115,1.84532190277,2.02800062216,2.13156527509,2.23968106142,2.49944696625,0.0043253281414
a_subj(empathy).2,1.62591266658,0.125560390566,1.3962835759,1.54204283282,1.62044774155,1.70649975175,1.8886212558,0.00354480523324
a_subj(empathy).3,1.84962748658,0.1381047186,1.59096325055,1.75538811191,1.84580153895,1.94160495863,2.13541203091,0.00397098307529
a_subj(empathy).4,2.01283035615,0.265559643927,1.56249323587,1.82652342116,1.99184320254,2.16649312958,2.59993747727,0.00684962446519
a_subj(empathy).5,1.79250819857,0.185213774777,1.46323834185,1.66070709102,1.78130140053,1.9091260438,2.19475098834,0.00536136019566
a_subj(empathy).6,1.85453404363,0.164629422632,1.56684669397,1.74318515051,1.84047436516,1.95669305091,2.21682790007,0.00452743417867
a_subj(empathy).7,1.94204698379,0.148627088909,1.67518719518,1.83910370618,1.93292222683,2.04023754417,2.25738326119,0.00419675014873
a_subj(empathy).8,1.46939698332,0.116657036661,1.25500014878,1.38692990308,1.46457496543,1.54564385406,1.70747226218,0.00311323988537
a_subj(empathy).9,2.49474398981,0.219002406753,2.10945358002,2.34196028268,2.47594271806,2.63451198116,2.98187314797,0.0056833087286
a_subj(empathy).10,2.4279907378,0.206936636326,2.06305590253,2.28148695975,2.41382040912,2.56082816061,2.86141899197,0.00502354502785
a_subj(empathy).11,1.47199826302,0.127821030461,1.23949797036,1.38524149284,1.46584511367,1.55286865681,1.74668128461,0.00365727727424
a_subj(empathy).12,2.21384877162,0.171878871097,1.91107320698,2.08819818523,2.20427262503,2.32407060188,2.58646838217,0.00447027631111
a_subj(empathy).13,2.03532328606,0.3063879834,1.52709695981,1.81501614841,2.00438856526,2.22811026712,2.68404271872,0.00815313544511
a_subj(empathy).14,2.07009177623,0.281597568158,1.59262797121,1.86550959866,2.04456561693,2.25258169364,2.68358881835,0.00772551064726
a_subj(empathy).15,1.53274501067,0.150007401787,1.26913020334,1.42672427076,1.52060170109,1.63307684451,1.84884054255,0.00377491775731
a_subj(empathy).16,2.35730497461,0.195256090325,2.00208309643,2.2205954842,2.34701948737,2.48221597007,2.76163999065,0.00552818615268
a_subj(empathy).17,1.46544855748,0.130631117993,1.21469876723,1.3748553758,1.45851499953,1.55374134587,1.73389610755,0.00411209921754
a_subj(empathy).18,2.47346383616,0.194431155018,2.11035323582,2.34117633034,2.46167592534,2.59800044972,2.86797054569,0.00470024186809
a_subj(empathy).19,1.91333328886,0.155589402647,1.63113638718,1.80431661167,1.90742109287,2.01140834672,2.24554285411,0.00405465414276
a_subj(empathy).20,2.1994505508,0.163979549847,1.90724143811,2.08352388439,2.18791407132,2.30519138372,2.54174874348,0.00398245726397
a_subj(empathy).21,1.75205444078,0.171447076181,1.44222491631,1.63293743428,1.7408712779,1.86365207056,2.11914040529,0.00385356314059
a_subj(empathy).22,2.7667170602,0.332692870617,2.19274309708,2.53861070138,2.73300032162,2.97293291305,3.48912353391,0.011573047547
a_subj(empathy).23,1.59961983747,0.175204506738,1.29424117072,1.47306369275,1.5911378897,1.71117516462,1.96464304722,0.0051194833559
a_subj(empathy).24,2.35972588664,0.221663288513,1.97668363598,2.20356092282,2.34444096663,2.49816138216,2.83262633451,0.00509169487535
a_subj(empathy).25,2.25627015256,0.202266810565,1.89302923746,2.11763082051,2.25095332253,2.38153401965,2.68756933342,0.00504227180336
a_subj(empathy).26,2.19128888316,0.201262452494,1.82922878625,2.0503953871,2.17949322699,2.31993507113,2.60661385995,0.00541631136268
a_subj(empathy).27,2.03654340488,0.203639784252,1.68103823264,1.89173631429,2.02644880671,2.16075480667,2.48107043536,0.00594544529303
a_subj(empathy).28,2.27849856162,0.230352799306,1.86875195866,2.1132080607,2.26956938264,2.42339269171,2.78426827858,0.00636808892212
a_subj(empathy).29,1.5859646821,0.162181503901,1.29784331293,1.47138886395,1.57470260908,1.69116587599,1.93493214935,0.00435783796267
a_subj(empathy).30,1.85118866184,0.253788280389,1.39506481664,1.66951059221,1.83571430951,2.01404898792,2.37990174887,0.00724612565831
a_subj(empathy).31,2.0467759462,0.177659077826,1.73147693213,1.92262405716,2.03678012945,2.15945549852,2.43827873257,0.00406932551392
a_subj(empathy).32,1.78150590236,0.161382551226,1.48645485479,1.66906880221,1.7734100592,1.88495797651,2.11585005893,0.00412562397819
a_subj(emprecip).0,2.24496487042,0.326043596379,1.70500148944,2.00674768392,2.21361764591,2.4528597262,2.97001770295,0.0104672114638
a_subj(emprecip).1,1.66662375186,0.195938663107,1.32237742101,1.52905011978,1.65378068608,1.79563069599,2.07701421153,0.00587588713508
a_subj(emprecip).2,1.84529023131,0.141772234378,1.58435394944,1.74894410603,1.84216612534,1.93662962432,2.14086916771,0.00398632588339
a_subj(emprecip).3,2.08583593301,0.175047265269,1.77470651827,1.96212727992,2.07333973153,2.19021364222,2.47260990111,0.0041340048144
a_subj(emprecip).4,2.55392402079,0.334353924514,2.00039014767,2.31582018558,2.51575573399,2.75971457262,3.27986145674,0.00958577540703
a_subj(emprecip).5,2.53148436608,0.229694714301,2.12203123215,2.3721224368,2.51934208765,2.66932015695,3.04716131693,0.0064972263425
a_subj(emprecip).6,1.712568619,0.138668878017,1.46032407359,1.61418227318,1.7072630024,1.80092963577,2.00645440386,0.00334906047119
a_subj(emprecip).7,1.75782393705,0.142371300109,1.50088634717,1.65655100497,1.7523111315,1.84712499772,2.06211285768,0.00411607048864
a_subj(emprecip).8,1.70379402629,0.134979096546,1.45581139717,1.60591564333,1.69772415894,1.79382595764,1.97896406375,0.00374335180279
a_subj(emprecip).9,2.21715910225,0.191761507468,1.86436122949,2.08590027643,2.2066856889,2.34212236172,2.62752815871,0.00422590626645
a_subj(emprecip).10,2.08168797133,0.2077134942,1.71897801942,1.93535389959,2.06981966874,2.21409823544,2.53523590042,0.00508703348583
a_subj(emprecip).11,1.80483586935,0.148720077626,1.53335260942,1.70029860201,1.79631538584,1.90382164166,2.11293896926,0.00399429970608
a_subj(emprecip).12,2.13376188861,0.155479280925,1.83837853076,2.02720026605,2.12718735983,2.23499572953,2.45457292507,0.00360188593692
a_subj(emprecip).13,2.76603303467,0.32715770627,2.22683402558,2.53273681147,2.73624548932,2.96287462639,3.50142881331,0.00876647264814
a_subj(emprecip).14,2.62336852499,0.343813018109,2.04740943589,2.37433367326,2.59804943317,2.82561747187,3.3851438686,0.0114473073536
a_subj(emprecip).15,1.89631124517,0.169417302266,1.5965787145,1.77751162209,1.88644696057,2.00662438599,2.25854489292,0.00446181089361
a_subj(emprecip).16,2.0427494441,0.256369319476,1.63023921528,1.85830008817,2.01613722974,2.19747906256,2.61228488921,0.00630006005134
a_subj(emprecip).17,1.08995843032,0.128672008901,0.850229018822,1.00184646699,1.08724821237,1.17184270423,1.35285589146,0.00396673076918
a_subj(emprecip).18,2.14472082574,0.18782352043,1.81132283053,2.01261160813,2.13336655505,2.26448205662,2.53081943483,0.00409890836179
a_subj(emprecip).19,2.37725396231,0.180773117221,2.06116313013,2.24896867384,2.37157741481,2.49564835823,2.75551721982,0.00444936480125
a_subj(emprecip).20,2.15126390675,0.157222997425,1.87416163794,2.04266102107,2.14475449378,2.25405031706,2.4873660257,0.00370759924472
a_subj(emprecip).21,1.87567838354,0.176124662372,1.5602776947,1.75160171072,1.86285822735,1.98828333026,2.2524251238,0.00484762623114
a_subj(emprecip).22,2.19949243129,0.203125253843,1.82772170117,2.05949241031,2.18994599477,2.32205336814,2.63838445531,0.00629788456946
a_subj(emprecip).23,1.58623753202,0.161880475546,1.29338452908,1.47127119161,1.57753955458,1.69217957027,1.91809572157,0.00370841141203
a_subj(emprecip).24,2.27430601055,0.181202135256,1.94873340044,2.14458981364,2.26643587626,2.3917859637,2.6488469028,0.00437969070838
a_subj(emprecip).25,2.26652970138,0.176375407751,1.96431126776,2.14261510342,2.25018457807,2.3754005524,2.65694388569,0.00421779935026
a_subj(emprecip).26,1.93916775808,0.164522833763,1.64349345304,1.82612398258,1.93181147708,2.04469614062,2.28123564901,0.00429761800675
a_subj(emprecip).27,1.84351131303,0.310085810222,1.30718529546,1.62041492561,1.81842410427,2.03759670343,2.52688799743,0.0088274181059
a_subj(emprecip).28,2.21607265726,0.258721810535,1.75959601303,2.03421738342,2.19518306686,2.37907903986,2.78584939934,0.00725297864678
a_subj(emprecip).29,2.06239702857,0.285280821797,1.55827704301,1.86057895748,2.03800777061,2.23881513191,2.69257786691,0.00725870172118
a_subj(emprecip).30,2.06619484675,0.25696690382,1.63764035694,1.88249023697,2.03907291875,2.22279406589,2.63666634408,0.00758199093973
a_subj(emprecip).31,2.51546186258,0.210021654439,2.12583233968,2.37156592517,2.51010799529,2.64963322913,2.96174016615,0.00524064528359
a_subj(emprecip).32,2.23730750987,0.17244928111,1.91868152784,2.12333518382,2.23023349002,2.34098784569,2.61408913214,0.00428106911493
a_subj(reciprocity).0,1.59662949654,0.281392597876,1.12447300893,1.3978977027,1.56576347425,1.7600344894,2.22785710362,0.00950904701809
a_subj(reciprocity).1,2.09088046813,0.155722185795,1.81711605598,1.97779907578,2.08039928793,2.19357333565,2.41631983189,0.00354798386757
a_subj(reciprocity).2,1.94665692864,0.155177696714,1.66592393251,1.83964657604,1.93818807049,2.03985123014,2.27498039456,0.00393535323569
a_subj(reciprocity).3,1.90947777322,0.152563413686,1.63329365991,1.801499043,1.90340489641,2.00717682933,2.22913051285,0.00381491264749
a_subj(reciprocity).4,1.98571740883,0.245838626245,1.57136626123,1.81021969057,1.96379641492,2.14534305454,2.53456781883,0.00568487839619
a_subj(reciprocity).5,1.69584249765,0.179000712925,1.38283528066,1.57392773837,1.68245678178,1.81149507943,2.09098085006,0.00429874361692
a_subj(reciprocity).6,1.70557062613,0.151278665271,1.43549169664,1.5996640423,1.69561723185,1.80524862282,2.01874725664,0.00389840998111
a_subj(reciprocity).7,1.73600690327,0.134896613012,1.49259625247,1.6411428447,1.72773909805,1.82557620731,2.0240567512,0.00374484529362
a_subj(reciprocity).8,1.61713786786,0.127446274273,1.37724535058,1.52832218563,1.61362899826,1.70311565394,1.87868994472,0.00329159563463
a_subj(reciprocity).9,2.29379437178,0.212660926692,1.91412403126,2.14109046178,2.28189973727,2.42908494733,2.75601181318,0.00538131702807
a_subj(reciprocity).10,2.21392060439,0.246356589902,1.77923902629,2.0445409008,2.20121905034,2.36337968935,2.75885457719,0.00660319633171
a_subj(reciprocity).11,1.52653216055,0.130889991911,1.29338939391,1.4348366711,1.51883920226,1.60670601125,1.8131295187,0.00418146470543
a_subj(reciprocity).12,2.08887117789,0.153854192246,1.80961909233,1.98186990183,2.08326647016,2.18452436976,2.41170681286,0.0036836339636
a_subj(reciprocity).13,1.61609918242,0.27600364872,1.16869631386,1.41851659629,1.58680259288,1.78093324195,2.25371937342,0.00937040961706
a_subj(reciprocity).14,2.40806727489,0.179778702828,2.08954926337,2.28227762499,2.39832364677,2.52619153961,2.78569768348,0.00418974409915
a_subj(reciprocity).15,1.62047585632,0.167534107947,1.32414143879,1.49976412962,1.61143517536,1.73097263431,1.98803532276,0.00493200694908
a_subj(reciprocity).16,2.36758228069,0.270585789029,1.89618151871,2.17833882165,2.34620689871,2.53150878026,2.96376797342,0.00697707187513
a_subj(reciprocity).17,1.20561871412,0.120456782772,0.98408929008,1.12460589692,1.19922920771,1.28464524991,1.45253900427,0.0036713054795
a_subj(reciprocity).18,2.02813129457,0.16312940735,1.73700180274,1.91259328114,2.01954013704,2.13588390201,2.37127461853,0.00414154076512
a_subj(reciprocity).19,2.11836246943,0.151194775608,1.84342755356,2.01321802773,2.10957793162,2.21568431825,2.4272728212,0.00388223192475
a_subj(reciprocity).20,1.99859978028,0.146419411814,1.73662774975,1.89224187172,1.99206126286,2.09631252543,2.3097474181,0.00352814088917
a_subj(reciprocity).21,1.84331969658,0.156221799258,1.56695999799,1.73302062619,1.83530199978,1.94235740288,2.17857844917,0.00370865383836
a_subj(reciprocity).22,2.44974405621,0.229886953726,2.02567372899,2.2917296735,2.43577182611,2.59548154821,2.92582939077,0.00842179207808
a_subj(reciprocity).23,1.53509549383,0.144646621711,1.26979799495,1.43669635078,1.52863731126,1.6287497677,1.82926788713,0.0037603130837
a_subj(reciprocity).24,2.32174989037,0.190268317719,1.98619876492,2.18831468506,2.30898166366,2.44385057972,2.72266964461,0.00462429342133
a_subj(reciprocity).25,2.28785491284,0.178880800463,1.95433972119,2.16502578016,2.28374226861,2.40267073625,2.65876203887,0.004422523797
a_subj(reciprocity).26,2.10600207999,0.1563954411,1.81074409429,1.99839771943,2.09863239151,2.20318706265,2.43539618315,0.00412457771506
a_subj(reciprocity).27,1.95256792481,0.172359557504,1.6429805693,1.83199627077,1.9434712151,2.05821924997,2.32026705354,0.00443055604234
a_subj(reciprocity).28,2.4486896809,0.242955303402,2.02180699359,2.27606201502,2.4402536375,2.60090900165,2.96965694929,0.00619010391292
a_subj(reciprocity).29,1.86839826078,0.20410989004,1.51575799695,1.72684388288,1.86212004951,1.99147095743,2.30879135596,0.00555001244772
a_subj(reciprocity).30,1.62932844251,0.13774752254,1.38236351415,1.53523255908,1.62368962366,1.71764424465,1.91988507755,0.00383020744744
a_subj(reciprocity).31,2.05833569426,0.170997339514,1.74767890027,1.93452129404,2.05214518575,2.16731334553,2.42397807568,0.00382643424206
a_subj(reciprocity).32,2.07079576357,0.157635941955,1.78742236424,1.96202822551,2.06316398823,2.16997282731,2.40819318887,0.00394534297519
v(control),0.351041665533,0.128227949321,0.101093308415,0.265280784401,0.351771859015,0.434863930737,0.608969335153,0.00324129090444
v(empathy),0.575508032328,0.133297712049,0.320967457218,0.484986551275,0.573309794602,0.666033628978,0.843694549987,0.00431511180872
v(emprecip),0.577541826379,0.136201760249,0.306318242111,0.48767468154,0.575792157401,0.670245730763,0.841768716235,0.00372734066048
v(reciprocity),0.466713043715,0.13546884708,0.21079476366,0.375798041447,0.462187282547,0.558213351017,0.735329362598,0.00422984941707
v_std,0.6730003595,0.063159125356,0.556977348067,0.629354902075,0.670868867743,0.714019042626,0.807731712814,0.00254425707491
v_subj(control).0,0.119251611761,0.25453593894,-0.368496417635,-0.0565277952389,0.117090010354,0.287238340983,0.618026515077,0.00703235750397
v_subj(control).1,0.524199131893,0.269254352705,-0.0017284644201,0.341180447248,0.529309679013,0.703442982929,1.06007711068,0.00765743092739
v_subj(control).2,0.0462940487414,0.233123995363,-0.412713694366,-0.115426468581,0.0458544556881,0.204231315411,0.501019168196,0.00612585259402
v_subj(control).3,0.0766664683298,0.208436606202,-0.328153477277,-0.067351035825,0.0729349266004,0.214023074239,0.505313669276,0.00503587562008
v_subj(control).4,1.03802184676,0.23842371217,0.566062318647,0.876950855849,1.03807281167,1.19599385158,1.51822397199,0.00651364573845
v_subj(control).5,0.753512009821,0.236888725353,0.308086018887,0.591813274498,0.754117684393,0.90609446685,1.22537763831,0.00651324730726
v_subj(control).6,0.126419068412,0.252684490815,-0.379184098631,-0.0461700203545,0.123044052261,0.297959215053,0.641194079114,0.006791275564
v_subj(control).7,0.00804071809448,0.274763601498,-0.524426710717,-0.174536616228,0.0118142984239,0.194969721083,0.556561125898,0.0066076187185
v_subj(control).8,-0.197165379575,0.261607254787,-0.697489130051,-0.372997200629,-0.199765797657,-0.0212246702748,0.296115030264,0.0073641996046
v_subj(control).9,0.226396357286,0.221897248985,-0.197455007571,0.0737797714056,0.225638560835,0.380019271769,0.659785909412,0.00702829975255
v_subj(control).10,0.515623871916,0.235202045381,0.080136037642,0.35613365604,0.509734390682,0.672285389838,0.996966838494,0.00723788300211
v_subj(control).11,-0.16280262854,0.248280975526,-0.639998905611,-0.336542170681,-0.159687628887,0.0103750507961,0.304327831887,0.0075281985448
v_subj(control).12,0.0052334720191,0.18300307776,-0.34679204205,-0.117760160816,0.00572189690994,0.129158873247,0.369569558305,0.00443929090705
v_subj(control).13,1.37043669657,0.245718732993,0.89360304984,1.2039243156,1.37167748337,1.53076179096,1.87367437959,0.00691047824326
v_subj(control).14,1.00089013808,0.225398775529,0.574885665241,0.845823345386,0.993955929966,1.14849047682,1.46274514185,0.00593253838579
v_subj(control).15,0.946773232596,0.265346609289,0.44747655564,0.766497579427,0.941776824344,1.1272434883,1.47552879464,0.007262433785
v_subj(control).16,0.159612673628,0.220099030688,-0.258458291568,0.00991907317504,0.159768805033,0.304515001191,0.597648317724,0.00579646372462
v_subj(control).17,-0.520364080301,0.357573150198,-1.21709189501,-0.751608855859,-0.521806070785,-0.284636637999,0.166822650281,0.00925853305739
v_subj(control).18,0.640829259366,0.198610111111,0.254382629123,0.511244452386,0.638265461311,0.772553797157,1.04106881451,0.00496152616694
v_subj(control).19,0.124919072494,0.185758297686,-0.234616078849,-0.00197423655223,0.12547127751,0.256339036779,0.482008568111,0.00430363183777
v_subj(control).20,-0.103721833435,0.18440800312,-0.449590798098,-0.229759784883,-0.106295494167,0.022433965711,0.265198632701,0.00482318975031
v_subj(control).21,0.636527407303,0.252009872901,0.141889575443,0.462531011187,0.635456754101,0.80910708899,1.13473585216,0.00634156222352
v_subj(control).22,-0.423497773845,0.216580830012,-0.857040436623,-0.564592108804,-0.426616309347,-0.282014823858,0.00532573345714,0.00549214839984
v_subj(control).23,1.32449367403,0.327520391922,0.701888670526,1.10176420316,1.31438274806,1.53739418451,2.00675697889,0.00878793121024
v_subj(control).24,-0.20182913227,0.18500214206,-0.570547928432,-0.324857966694,-0.200126099898,-0.0815833099751,0.168932603422,0.00361254766028
v_subj(control).25,-0.0354906906705,0.217570966017,-0.465756164687,-0.180573477728,-0.0323011545139,0.112911703203,0.382633202901,0.00464335408798
v_subj(control).26,0.335150131649,0.2686074346,-0.164264556633,0.148868761334,0.328924161637,0.514307216682,0.876176001466,0.0072546075047
v_subj(control).27,-0.864371068934,0.315387586034,-1.4982993112,-1.06144225839,-0.860331185142,-0.647004702391,-0.266477877785,0.0096906013973
v_subj(control).28,0.780604109522,0.222730487286,0.350625290666,0.632436529164,0.778841904111,0.930541882919,1.22336097038,0.00590680185295
v_subj(control).29,2.09634888883,0.502192639657,1.13918731509,1.76827683871,2.08436968752,2.42598239272,3.11495344423,0.0147408699897
v_subj(control).30,0.909739932915,0.22542479102,0.487910108563,0.752540063029,0.904129388176,1.05511543681,1.37116562313,0.00591796641218
v_subj(control).31,0.0514423986271,0.195407546528,-0.322792126322,-0.0789853130356,0.047124850722,0.18121025785,0.439517972885,0.00551785291324
v_subj(control).32,0.115814822188,0.18621582689,-0.253848017553,-0.0102255952787,0.1183787281,0.239478351255,0.489047892441,0.00432090613603
v_subj(empathy).0,2.24644248574,0.580453130054,1.09868810279,1.85243820078,2.23466939606,2.63836015717,3.39601054156,0.0182472177785
v_subj(empathy).1,0.443652732849,0.21151394152,0.0462789556611,0.301724997365,0.440227386225,0.576884468704,0.877637072763,0.00580283769145
v_subj(empathy).2,-0.1378904633,0.250606371746,-0.632946883397,-0.307599701361,-0.140642990707,0.0296337809195,0.353795084133,0.00679325433323
v_subj(empathy).3,-0.0963445407495,0.228866496599,-0.545142601123,-0.254657747542,-0.0921099057436,0.062541310783,0.357554620491,0.00618616205253
v_subj(empathy).4,1.29347472318,0.315365212642,0.693274993761,1.07295677512,1.2927886053,1.51320482778,1.92882980472,0.0100339528665
v_subj(empathy).5,0.40271405805,0.289160934248,-0.156381633507,0.204818552461,0.404099079915,0.594140537378,0.958810055169,0.00864720059676
v_subj(empathy).6,-0.0583450492868,0.245293192742,-0.534289986938,-0.221556109244,-0.057669772012,0.103834411068,0.428546099516,0.00736056668156
v_subj(empathy).7,-0.014859543288,0.219344894928,-0.458367607222,-0.154077114921,-0.0137976057553,0.130322485635,0.410013776436,0.00526709208453
v_subj(empathy).8,-0.0288010979945,0.296021201393,-0.598972468827,-0.232785094699,-0.0310830705205,0.169334777209,0.562186250647,0.00821320433721
v_subj(empathy).9,0.433803744161,0.190318841175,0.0694655632279,0.30786937381,0.432382683516,0.553221992971,0.825410015581,0.00569139413422
v_subj(empathy).10,0.253915018168,0.19831780356,-0.13536618053,0.122646859378,0.253232028597,0.382539343365,0.647310954008,0.00534063361874
v_subj(empathy).11,0.197903230638,0.294300877652,-0.368899255686,-0.00119239086153,0.197388112534,0.399811681235,0.785838005495,0.0084335725716
v_subj(empathy).12,-0.138337701164,0.202335509876,-0.527053606383,-0.275226888903,-0.138284763387,0.000279404747797,0.248720227321,0.00457436025364
v_subj(empathy).13,1.70485998589,0.370499457688,0.9584541275,1.46166687485,1.70661601346,1.95046145868,2.4635628004,0.0114025798378
v_subj(empathy).14,1.35365813267,0.314173069175,0.752847078016,1.1403309842,1.34792565216,1.56227538086,1.98930544567,0.00922361006257
v_subj(empathy).15,0.762977852402,0.30517645785,0.158447125988,0.559423406935,0.761451640586,0.972403646079,1.33994011747,0.00764294831968
v_subj(empathy).16,0.226037403417,0.200467376759,-0.172131899757,0.0965920430665,0.22558916944,0.359679899423,0.629560558033,0.00523791401191
v_subj(empathy).17,0.200222342379,0.298537824381,-0.356910364591,-0.00540233841835,0.199089567704,0.393351757926,0.797442056039,0.0082906071355
v_subj(empathy).18,0.44987547547,0.188082119012,0.0949492030952,0.320435734546,0.445603339868,0.57170750982,0.83106445227,0.00484656388879
v_subj(empathy).19,0.001922648918,0.221744235988,-0.44673297401,-0.146120357335,0.000989116286932,0.151018635545,0.436864768067,0.00555002932039
v_subj(empathy).20,-0.304148272539,0.195716008817,-0.690906372428,-0.438962525078,-0.306929556577,-0.174801802268,0.101211052413,0.00512150788898
v_subj(empathy).21,0.868931037783,0.290419240656,0.299752643339,0.670010846067,0.87318631762,1.06644313445,1.44826363079,0.00789535651374
v_subj(empathy).22,1.1419298885,0.241237802316,0.688354294474,0.973609089315,1.13791782401,1.30090267077,1.6334063155,0.00680838850464
v_subj(empathy).23,1.0486802388,0.329764329961,0.434140868227,0.821222797456,1.05041691933,1.27285365623,1.67802572814,0.00928057870561
v_subj(empathy).24,0.734915129854,0.214562791597,0.304765969435,0.588983285423,0.728851531389,0.874315776084,1.17141355407,0.00498106252258
v_subj(empathy).25,1.00958557093,0.24224208041,0.545260663161,0.8424784014,1.00616800994,1.17057272754,1.51321629364,0.00668031091072
v_subj(empathy).26,0.652194537519,0.228669223362,0.215374107486,0.490749104982,0.650406190235,0.805704016078,1.11020387649,0.00703221431157
v_subj(empathy).27,0.956490511932,0.253482706099,0.464544766624,0.783690962142,0.955406396482,1.12812778488,1.44181484587,0.0064550087095
v_subj(empathy).28,0.834916061125,0.245897190968,0.347325750364,0.669025181549,0.83508481562,1.0050986131,1.32104392683,0.00729573034121
v_subj(empathy).29,1.09049363045,0.316711534495,0.480294403511,0.86889098124,1.08105923831,1.30210033236,1.72624432418,0.00897084853013
v_subj(empathy).30,1.32425649986,0.367646779221,0.641477925257,1.07224813725,1.31833033741,1.56629535551,2.0874970392,0.0101200423684
v_subj(empathy).31,0.370668692386,0.224080684304,-0.0778177948031,0.225358771968,0.366189494714,0.517651961181,0.813500066666,0.00605793956483
v_subj(empathy).32,-0.310003495961,0.277562334868,-0.85359577503,-0.496176502452,-0.30354366501,-0.129455856114,0.229519789433,0.00805873050169
v_subj(emprecip).0,1.6501876623,0.348394711086,1.00030916555,1.41022435134,1.64591715833,1.88736749489,2.36223933194,0.0102072817525
v_subj(emprecip).1,1.23486864075,0.330757264304,0.597709126748,1.01104157622,1.22890490901,1.45898128646,1.88511370461,0.00818784411663
v_subj(emprecip).2,-0.574870839251,0.237101210842,-1.04265679991,-0.728029429521,-0.576630037509,-0.413645585533,-0.1199111921,0.00603471117425
v_subj(emprecip).3,0.223937870061,0.224236791281,-0.21231871529,0.0690265105162,0.224954147668,0.375127194721,0.674306914784,0.0060967195991
v_subj(emprecip).4,1.52385751512,0.290115762232,0.975981281469,1.32814660293,1.52070434943,1.71443868911,2.11700776286,0.00816204448976
v_subj(emprecip).5,0.690370987671,0.207735236406,0.288713685732,0.551564170689,0.691987307861,0.825319181207,1.10603762213,0.00522482481123
v_subj(emprecip).6,-0.0230096600303,0.256793087923,-0.521898463299,-0.190555311991,-0.0282143046784,0.151023304139,0.490016102893,0.00746828054124
v_subj(emprecip).7,-0.00443288829949,0.251424951959,-0.517616009232,-0.169517443602,0.00583273179528,0.166349156772,0.47329135043,0.00620644013927
v_subj(emprecip).8,-0.209430353223,0.262572200697,-0.716564027661,-0.387331526652,-0.212087817234,-0.0352257082355,0.314603707823,0.00691180877989
v_subj(emprecip).9,0.153891971573,0.222577356685,-0.272781011849,-0.00235336535667,0.156707213183,0.305631804188,0.595820497113,0.00646733443426
v_subj(emprecip).10,0.48255571777,0.267549299204,-0.0298208932502,0.296239581452,0.481956500525,0.65669773586,1.02899353884,0.00786330960139
v_subj(emprecip).11,-0.0866883716559,0.231450146046,-0.524670224037,-0.2472987621,-0.0913905154006,0.0686005220308,0.384512684957,0.00517503810313
v_subj(emprecip).12,-0.0155377661373,0.204129156308,-0.417835063035,-0.156846632647,-0.0197191485267,0.12608959873,0.375494074981,0.00447275719916
v_subj(emprecip).13,1.33193230742,0.255404257503,0.857474884261,1.15564939021,1.32527340895,1.49954532542,1.86067347531,0.00742746600487
v_subj(emprecip).14,1.54796639772,0.286545773847,0.975772242049,1.3622702731,1.54757038929,1.72987900216,2.12810471521,0.0084610375872
v_subj(emprecip).15,0.482134031235,0.251251591409,-0.0317244260299,0.317857218959,0.486643539386,0.647377998815,0.974084659657,0.00691590712073
v_subj(emprecip).16,1.13486890894,0.297424970323,0.579775073317,0.934601767673,1.12756145557,1.32956974519,1.74445117229,0.00845942135822
v_subj(emprecip).17,-0.0793143542326,0.439395104695,-0.941061532214,-0.369591916257,-0.0764902130965,0.215761993937,0.809597091811,0.0144834636964
v_subj(emprecip).18,0.329945182571,0.226022550855,-0.107076372246,0.171939876108,0.332369772905,0.484134838213,0.764596632871,0.00606305043503
v_subj(emprecip).19,0.0906505391463,0.193080283939,-0.295970120507,-0.0384913037605,0.0910280733812,0.222974696895,0.468551890837,0.00470459444308
v_subj(emprecip).20,-0.155908731817,0.198874141526,-0.541073456815,-0.294903292176,-0.159327311135,-0.0221085928712,0.227695142321,0.00462494457141
v_subj(emprecip).21,0.496931795818,0.26706467064,-0.0483501285271,0.320898525499,0.498873388883,0.669231816664,1.00780338977,0.00759618360425
v_subj(emprecip).22,0.587322232452,0.221684496137,0.162174661976,0.437166755396,0.588368549685,0.738025431306,1.035028087,0.00555788812738
v_subj(emprecip).23,0.721289575957,0.321847538533,0.0978250254569,0.498225260687,0.716338578094,0.939991345286,1.3491687111,0.0096912184049
v_subj(emprecip).24,0.287012465946,0.199250726084,-0.101470101762,0.151070144104,0.286389667601,0.416037865625,0.685361094486,0.00498039125754
v_subj(emprecip).25,0.268045384111,0.192244935117,-0.0941111119876,0.13928213793,0.263944166506,0.396292901559,0.654500178778,0.00515735060448
v_subj(emprecip).26,0.452744725802,0.239338231505,-0.0199724237055,0.294425724434,0.456111886457,0.614874532664,0.921001730536,0.00697091595693
v_subj(emprecip).27,1.85005360784,0.435815914815,1.0372345849,1.56594839266,1.83606602275,2.13175412294,2.74861732191,0.0126324409167
v_subj(emprecip).28,1.17278092738,0.284775682708,0.631110399125,0.981609638014,1.16675393576,1.36728881098,1.75450792916,0.00756468154787
v_subj(emprecip).29,1.54963398027,0.358118097684,0.861477125063,1.31051855275,1.53730690347,1.78754231596,2.27005534077,0.0108238759187
v_subj(emprecip).30,1.392160952,0.320965389165,0.774948024263,1.18197077516,1.38844284996,1.58760572498,2.06288134573,0.00841631034456
v_subj(emprecip).31,0.547964605423,0.202446224171,0.172245717396,0.411799930512,0.540316881499,0.67954892245,0.953820155196,0.00480660185824
v_subj(emprecip).32,-0.0517957255856,0.198414950505,-0.427884487094,-0.185319981246,-0.0537718522419,0.0794972492658,0.352374361951,0.00448417797383
v_subj(reciprocity).0,1.83576760441,0.499849415029,0.918693101425,1.48320747546,1.82726160185,2.1691963483,2.82028162327,0.0177419884435
v_subj(reciprocity).1,0.200365476844,0.213695718485,-0.230838114491,0.0637250981711,0.197995364219,0.343196249552,0.624228344673,0.00568255006627
v_subj(reciprocity).2,-0.415703478499,0.229842257726,-0.890239491922,-0.573648433521,-0.409497536495,-0.266251701635,0.030498164212,0.00590697548087
v_subj(reciprocity).3,0.222233201144,0.224261878119,-0.235684957863,0.0747320040264,0.223610247914,0.375267030913,0.659202554718,0.00498576300274
v_subj(reciprocity).4,1.23488393807,0.315855427313,0.638065513974,1.01779653477,1.22676173835,1.45270219145,1.85969949795,0.00959795859269
v_subj(reciprocity).5,0.503705366639,0.319197215926,-0.111357455771,0.281403163857,0.502750500575,0.716381696863,1.12863873006,0.00946147559326
v_subj(reciprocity).6,0.0222893308085,0.275357509239,-0.514481379028,-0.162757431467,0.0243098021141,0.212335495203,0.556133206149,0.00868634543302
v_subj(reciprocity).7,-0.145284861539,0.242454506795,-0.613298031924,-0.304122941235,-0.14490524009,0.00863474878782,0.349535292477,0.0061599450446
v_subj(reciprocity).8,0.111912881095,0.257164158949,-0.383637228916,-0.0638031176239,0.11057155421,0.289377338347,0.620615041461,0.00651636758502
v_subj(reciprocity).9,0.514255264117,0.225584915939,0.0861517878698,0.356313810138,0.509077754431,0.669182890196,0.964388453492,0.00630492847777
v_subj(reciprocity).10,1.13434264369,0.271688666764,0.641567689925,0.944560117523,1.12383443965,1.31454173606,1.71285378568,0.00740488814785
v_subj(reciprocity).11,-0.224415397963,0.274758095485,-0.75107163295,-0.410573593736,-0.222268607197,-0.0332188973521,0.312476083715,0.00684064792094
v_subj(reciprocity).12,-0.0923894531251,0.207719065938,-0.488792125947,-0.231259773605,-0.0907437894716,0.047469745584,0.319558858363,0.00469060506868
v_subj(reciprocity).13,1.84728886331,0.450893760186,1.00273965637,1.53594730831,1.83960725988,2.14860326695,2.74326665605,0.0134601946282
v_subj(reciprocity).14,-0.173826542306,0.180063275267,-0.521682307599,-0.298297819112,-0.170554380922,-0.0530198289924,0.185338758114,0.00402965932979
v_subj(reciprocity).15,0.885225171323,0.302922803157,0.292581232526,0.683776051646,0.88540424606,1.0897494885,1.4897038541,0.00822578221441
v_subj(reciprocity).16,1.26615216954,0.263812852069,0.776638686549,1.07587519272,1.26149812471,1.44388248828,1.80377816118,0.00834000957475
v_subj(reciprocity).17,-0.133953189241,0.378558836037,-0.854013899238,-0.389325517105,-0.13835590412,0.121042040626,0.611873746131,0.0113446220365
v_subj(reciprocity).18,0.515251025868,0.216655297838,0.0741307183778,0.373828400946,0.520259098961,0.65342610554,0.945322715601,0.00558100892648
v_subj(reciprocity).19,-0.0820958263789,0.193278247455,-0.458902523358,-0.214559394013,-0.0816345706697,0.0472450842764,0.29658038671,0.00549334065296
v_subj(reciprocity).20,-0.142310113971,0.211468657603,-0.557635190908,-0.285333506731,-0.14321860036,-0.000152179812044,0.262475371639,0.00541197502172
v_subj(reciprocity).21,0.467153207594,0.241584215466,-0.0128488394639,0.303682157493,0.467658950925,0.62858124659,0.945435685924,0.00666743492002
v_subj(reciprocity).22,0.76801496342,0.21257651053,0.362156953161,0.621149975817,0.764984178175,0.90756896101,1.19291776016,0.00614623634627
v_subj(reciprocity).23,0.475014378891,0.300471316296,-0.107452829433,0.271809710115,0.480373885643,0.673237899656,1.05461201316,0.00836828266613
v_subj(reciprocity).24,0.462162513817,0.199486664679,0.0832190824972,0.323869327813,0.46498357502,0.599493055712,0.844110792333,0.00499949162587
v_subj(reciprocity).25,0.442576320594,0.202289005612,0.0547304016428,0.303183919981,0.438939909542,0.579853109736,0.846388678266,0.00466032321863
v_subj(reciprocity).26,0.0488498296792,0.205598658238,-0.361545922936,-0.089382057367,0.0494822770457,0.189139441996,0.452605256017,0.004518198592
v_subj(reciprocity).27,0.656383543764,0.25169180714,0.15431294927,0.485514673543,0.649058180984,0.827095448081,1.16531306986,0.00663959041265
v_subj(reciprocity).28,0.851909811071,0.22795893782,0.4150691053,0.690290374533,0.85212291077,1.00369748227,1.31399230997,0.00620955835005
v_subj(reciprocity).29,1.18965330395,0.296076016292,0.633952488911,0.986020986232,1.1801264251,1.39323711605,1.78367084867,0.00824743816892
v_subj(reciprocity).30,0.570716234276,0.271355466886,0.0297199364996,0.390301265107,0.571447583059,0.751576812455,1.10555591853,0.00681670375705
v_subj(reciprocity).31,0.360639572736,0.212973691833,-0.0434816526137,0.213713084954,0.358298916859,0.500921499626,0.781466568229,0.00399599979189
v_subj(reciprocity).32,0.0869144506079,0.205475750824,-0.310178527267,-0.0543692998076,0.0895588572796,0.220416151831,0.502372616175,0.00510922990314
t,0.972946470638,0.0363248709384,0.903362820739,0.948079735284,0.972460293244,0.997169923167,1.04633623123,0.00156153146127
t_std,0.187988441701,0.0256183999202,0.144768873844,0.170032254928,0.185501326065,0.20356116406,0.246905687079,0.000651348037551
t_subj.0,0.761881901127,0.0412608642935,0.68918232041,0.734557732536,0.751621547717,0.801150649092,0.834651135372,0.0024917497844
t_subj.1,1.08810566433,0.0374144975486,1.00728508259,1.06393141955,1.09148038872,1.11424454787,1.15565256147,0.00174848471777
t_subj.2,1.06057617862,0.0353207583861,0.985111533208,1.03745258854,1.061862652,1.08530491511,1.12466555682,0.00161590534612
t_subj.3,0.959074457758,0.0425899975128,0.871191476942,0.931332847718,0.961393845305,0.988512038242,1.03696241726,0.00187597702442
t_subj.4,0.732477201648,0.0432366737322,0.646150218319,0.702802015381,0.733069749386,0.76576223504,0.806960454956,0.00182182375103
t_subj.5,0.907903056087,0.0397131365863,0.826609708075,0.880126504722,0.909770155284,0.939012879033,0.975583761494,0.00209481970316
t_subj.6,1.11476736232,0.0290415807636,1.05787050056,1.09645411275,1.11548940407,1.13240369831,1.17801534035,0.00158258226268
t_subj.7,1.44560669921,0.0360011014297,1.37236630631,1.42143552769,1.44782950834,1.47092327589,1.51120077318,0.00168183297396
t_subj.8,0.924618100185,0.0329507076533,0.852533859419,0.903518908983,0.927945481806,0.948615645139,0.979314294425,0.00152979969478
t_subj.9,0.774610465655,0.043848571572,0.681017645494,0.746619653243,0.778733635968,0.803423807872,0.855664587511,0.00180131331906
t_subj.10,1.00262131652,0.0369986271079,0.923923868963,0.980408121499,1.00427407247,1.02790844671,1.07170744281,0.00181732101558
t_subj.11,1.17376794126,0.0542206938193,1.05550922829,1.14097698444,1.18279408157,1.2100116056,1.27200707899,0.00225692687143
t_subj.12,1.21847918242,0.046955078455,1.11887461215,1.18832207743,1.22086934564,1.25147582062,1.30449221891,0.00194834806417
t_subj.13,0.907639390281,0.0311226144027,0.837300498731,0.890739822749,0.91072516787,0.926604955794,0.966686592475,0.00148459337387
t_subj.14,1.0568589986,0.0353497688614,0.986261974184,1.0325894669,1.05668788775,1.08265572076,1.12189436069,0.00163296404292
t_subj.15,0.931056069312,0.0372572961969,0.855299424227,0.904644724716,0.930509446696,0.959191476776,0.999557174134,0.00185068947452
t_subj.16,1.28534114454,0.0354374134199,1.21444245355,1.26279305933,1.28488745359,1.30985753661,1.35640661431,0.00172792085648
t_subj.17,0.757982255313,0.0318679710077,0.702864857965,0.737870917341,0.754307000608,0.77645319267,0.827168549053,0.00173494154923
t_subj.18,0.715330109411,0.0460080988292,0.618954798523,0.68528367082,0.715951269619,0.746855040403,0.805514519516,0.00144559262908
t_subj.19,0.884927071339,0.0547921871214,0.778367725466,0.846246494001,0.886411250106,0.926496567863,0.982686912591,0.00219645667076
t_subj.20,1.13158083263,0.049606138363,1.02888454506,1.09893456852,1.13442387187,1.16664636933,1.22408839612,0.00173484265667
t_subj.21,1.19065468359,0.0336208227918,1.12003632297,1.16845265181,1.19427366082,1.21426542459,1.24848227224,0.0016550564255
t_subj.22,1.31753434965,0.0819542906841,1.17890526768,1.25694392816,1.31633664941,1.35672828335,1.50856826885,0.00474030772709
t_subj.23,0.82546129887,0.0309135676935,0.763692800759,0.80554500977,0.827237491473,0.84427314093,0.892810483574,0.00138505713433
t_subj.24,0.925238466867,0.0407490081627,0.839670589408,0.898242667714,0.927582698814,0.953749607682,0.998365558273,0.00185687874031
t_subj.25,0.938335367788,0.0444379460551,0.846097802645,0.909051101299,0.940380785981,0.968418615818,1.02035147535,0.00160452339003
t_subj.26,0.910376205897,0.0441312436573,0.825425648391,0.879904628741,0.909231475191,0.941320293996,0.993763495635,0.00197803690397
t_subj.27,0.781308931568,0.0439091049128,0.691174276051,0.74935253841,0.786783086504,0.814097493245,0.856617702528,0.00194495586452
t_subj.28,0.949046360678,0.0438774342945,0.858738216778,0.920268009107,0.950988029795,0.979336005094,1.02827881248,0.00207452379125
t_subj.29,0.83805788311,0.0427343861531,0.753254467092,0.809350512228,0.835740233486,0.867019659495,0.921163465906,0.00184028164633
t_subj.30,0.849232226409,0.031521633759,0.784266644466,0.829351433432,0.849361665285,0.870909038376,0.909064913637,0.00173538241869
t_subj.31,1.06290613473,0.037429034765,0.988230269025,1.0378646207,1.06347625554,1.08800759077,1.136158862,0.00174242160468
t_subj.32,0.830944428574,0.049147233504,0.732392035113,0.800812029362,0.827757977349,0.866417258186,0.921501537995,0.00185044322697
sv,0.349514164054,0.0904225246921,0.145639836146,0.298362261475,0.357932885048,0.411704375607,0.505107655799,0.00483671014869
sz,0.0789422604492,0.058941661741,0.00252751987155,0.0313726861598,0.0659547899899,0.115732414233,0.217445169299,0.00267806310051
st,0.644524477427,0.03080029105,0.587793137285,0.621602401264,0.644401169731,0.666731109844,0.704192150537,0.00246904604948
z(control),0.597569758021,0.0196513653245,0.558948211162,0.58411192972,0.598076572999,0.61107385208,0.635337242155,0.000782344125128
z(empathy),0.650905745509,0.0194498432712,0.613570544422,0.636912409179,0.651182280832,0.664170957908,0.688800370971,0.000944546859726
z(emprecip),0.656407664525,0.0197264087708,0.619331041273,0.642745440575,0.655966704524,0.669681111199,0.697289902991,0.000926040396031
z(reciprocity),0.626878706498,0.0194922587418,0.588395966546,0.613723213707,0.626975474196,0.640086101626,0.664456689956,0.000865171209896
z_std,0.317963066491,0.0314587407072,0.255946838679,0.297023360625,0.318727360199,0.339528358201,0.377976727597,0.00177928731851
z_subj(control).0,0.520592851292,0.0585370007607,0.407484532329,0.479036658747,0.521700564356,0.560224288482,0.634120632998,0.0017225093444
z_subj(control).1,0.567799335319,0.0586204021385,0.451291377316,0.529359757737,0.569451051154,0.60794167451,0.680849422779,0.00192898842665
z_subj(control).2,0.491361099486,0.0563053391665,0.379172234749,0.45432873283,0.491101551006,0.530021350713,0.601427294379,0.00152684174849
z_subj(control).3,0.63574002718,0.0502348098544,0.532810109465,0.602894638224,0.637412324755,0.67036798485,0.730268100531,0.00127814498547
z_subj(control).4,0.646372453781,0.0553719446021,0.532406167075,0.608918541249,0.649607436143,0.68274352485,0.751144009525,0.0016435964802
z_subj(control).5,0.599883085101,0.055880054829,0.482659694911,0.562005819689,0.601973860716,0.638759381815,0.704123282192,0.0017569073451
z_subj(control).6,0.543061653312,0.0553768873969,0.431383563305,0.506630811481,0.543792343601,0.580212256082,0.649936132141,0.00153145027022
z_subj(control).7,0.587753212694,0.055782308839,0.476056704274,0.552216893256,0.587834089678,0.625202481557,0.699309687918,0.00134284614368
z_subj(control).8,0.700366192166,0.0493030907975,0.597842971791,0.667895118078,0.702503459691,0.734865357224,0.789724718458,0.0017093604907
z_subj(control).9,0.731490277739,0.0472022249098,0.632575287937,0.70082733962,0.734246247881,0.764583109084,0.817599435497,0.00161006445971
z_subj(control).10,0.684540019787,0.0504049144499,0.580914922517,0.651354973255,0.687608186194,0.719959328562,0.777432063326,0.001701012787
z_subj(control).11,0.495827445662,0.0551774239948,0.385660347948,0.459390660494,0.49710475965,0.532647133341,0.605332441949,0.00167798533805
z_subj(control).12,0.58868918481,0.0508388100779,0.483070493862,0.555829959215,0.588499366736,0.621768971135,0.689146956473,0.00119996041424
z_subj(control).13,0.531928556075,0.0563484242165,0.417627452632,0.494020734912,0.533008402766,0.571873524572,0.638109888234,0.00192674186244
z_subj(control).14,0.597703265708,0.0533814554281,0.488061161748,0.561662245145,0.598753456706,0.634623864936,0.699820777105,0.00153859871496
z_subj(control).15,0.553238838656,0.0577007777871,0.435736340552,0.514263336909,0.553919927521,0.593539046599,0.662251529545,0.00173484108862
z_subj(control).16,0.699009377035,0.046015127185,0.607122419208,0.667428135026,0.701316489047,0.731714393219,0.782253641186,0.00144467761271
z_subj(control).17,0.557709746173,0.0625280413868,0.42984498133,0.516519056626,0.559407865011,0.601009975967,0.676039661973,0.0016225785591
z_subj(control).18,0.638642292807,0.0507917113405,0.53813221637,0.605305836048,0.640916526288,0.673344223414,0.733690665328,0.00150537979708
z_subj(control).19,0.54332539778,0.054582645438,0.4352633298,0.506057506075,0.545385900827,0.580572719992,0.646861013602,0.00131821877757
z_subj(control).20,0.609782706423,0.0505488670958,0.507087117982,0.575852634115,0.611202906654,0.645949002889,0.702083487342,0.00145876883601
z_subj(control).21,0.641818568922,0.0551981414499,0.533422203854,0.604471645147,0.643529300542,0.680303454348,0.74758291569,0.00172733894989
z_subj(control).22,0.600515041016,0.0529165410847,0.492059726443,0.566317077894,0.600623609987,0.636904506858,0.70298802704,0.00139148900049
z_subj(control).23,0.656787877793,0.0570504551859,0.539522403612,0.618841441635,0.659638863965,0.696339583299,0.76157951154,0.00173914187409
z_subj(control).24,0.615169838911,0.0468162202742,0.516887867899,0.585924553174,0.615632661855,0.646848719608,0.70482066914,0.00102740998865
z_subj(control).25,0.566747402428,0.0534793311896,0.46502461392,0.531772566427,0.567530961418,0.602935441464,0.670717543496,0.00132987343584
z_subj(control).26,0.565526355677,0.0585929430062,0.444477990238,0.527554354858,0.567059288421,0.606096112785,0.673917105244,0.00168527355625
z_subj(control).27,0.437458127645,0.0676496412385,0.308895948019,0.390544704723,0.437314486706,0.483005967563,0.570591468991,0.00238313996313
z_subj(control).28,0.603703377331,0.0528035649999,0.497058091298,0.568935256172,0.605952055454,0.6403324318,0.703547858037,0.00164609697656
z_subj(control).29,0.685222854934,0.0647193663053,0.555138443846,0.642532960476,0.685775364097,0.731789544292,0.805385026053,0.0022628505235
z_subj(control).30,0.52120937625,0.0538961665319,0.415830095357,0.483935756909,0.522616498715,0.558286063677,0.625939996192,0.00160559870834
z_subj(control).31,0.608974128126,0.0497473788588,0.508123089092,0.576534530118,0.610882791747,0.643093448857,0.701494162396,0.00148657185761
z_subj(control).32,0.645625469554,0.0491906749381,0.545707183982,0.613902740168,0.647854997228,0.680372807591,0.736305527642,0.00121527254032
z_subj(empathy).0,0.764251447155,0.0574700379935,0.641428752719,0.728478044996,0.769083487556,0.805154859318,0.86349960473,0.00223900682571
z_subj(empathy).1,0.554990560053,0.0536347488572,0.444278851216,0.520851049251,0.557018206495,0.591368769776,0.656540516186,0.00155443583822
z_subj(empathy).2,0.562575049504,0.0543670773586,0.450894671358,0.52784797485,0.56469946627,0.60054149434,0.665900320289,0.00137781573593
z_subj(empathy).3,0.619128974533,0.051918010053,0.5123854605,0.585002302816,0.620838848899,0.655506948674,0.717484327083,0.00153607968312
z_subj(empathy).4,0.73911904927,0.0531689677746,0.628304612713,0.704788880783,0.742112018752,0.77753078305,0.83259980044,0.00182581569592
z_subj(empathy).5,0.764672534381,0.0458496116572,0.66844438443,0.732921346349,0.768101659108,0.797317928691,0.844649107023,0.0017671324244
z_subj(empathy).6,0.738464737092,0.0446431158692,0.645988835159,0.70906924117,0.741496592589,0.770100903123,0.81810905518,0.00160469995306
z_subj(empathy).7,0.637632660241,0.049104769314,0.539615098398,0.603403227766,0.638792451503,0.671619530889,0.730769010428,0.00124101662988
z_subj(empathy).8,0.534612738308,0.0632371683577,0.405397030325,0.494060572347,0.535742532968,0.579811944496,0.649368879727,0.00192374937279
z_subj(empathy).9,0.666743528286,0.0488105133765,0.567897718526,0.63424729243,0.667831460475,0.700029362823,0.76064188917,0.00153378164924
z_subj(empathy).10,0.649210657731,0.0500435023461,0.546196415825,0.615594231384,0.650265113733,0.682826865974,0.743160227855,0.00160146023912
z_subj(empathy).11,0.487360995331,0.0652247136711,0.358784779636,0.442331693963,0.488136678,0.533694415942,0.612688932142,0.00216554675597
z_subj(empathy).12,0.633930111883,0.050057876829,0.527076901718,0.600838976713,0.637003453695,0.668089672607,0.72622836857,0.00121065226019
z_subj(empathy).13,0.667610343287,0.0592296803595,0.54668313247,0.63028868229,0.6683483632,0.708010322338,0.778577471591,0.00186729022645
z_subj(empathy).14,0.716462034413,0.0520590042924,0.601475454618,0.686120314217,0.720651940404,0.753727977874,0.807281946133,0.00186025644206
z_subj(empathy).15,0.671704864718,0.0553008778763,0.556572902325,0.634331057913,0.673953879667,0.710523764539,0.772802282296,0.00166452630787
z_subj(empathy).16,0.645249602784,0.04878419104,0.548318723238,0.613286715553,0.646274597538,0.678682028864,0.738284598935,0.00142991403943
z_subj(empathy).17,0.591896851271,0.0593741466229,0.473671824754,0.551632061527,0.593443185324,0.63354381671,0.703634598772,0.00176731789607
z_subj(empathy).18,0.607239674363,0.0503463686247,0.50035377959,0.574186896438,0.609474004772,0.64282361802,0.696611376903,0.00139330549847
z_subj(empathy).19,0.674080710527,0.048013871337,0.570422301122,0.643158907024,0.675238536419,0.708389677236,0.763091308205,0.00142502194996
z_subj(empathy).20,0.656553012144,0.0472493748938,0.559802264358,0.625212821608,0.658514084592,0.689038987758,0.74610589117,0.00128552738667
z_subj(empathy).21,0.639183378899,0.0562111580378,0.529101919201,0.602862334379,0.640885508359,0.677154701232,0.747215782902,0.00159459333681
z_subj(empathy).22,0.556850290923,0.0591396230827,0.435255083031,0.517489237229,0.558537707197,0.598576475073,0.66779229539,0.00203364550649
z_subj(empathy).23,0.685922517546,0.0543216812207,0.574036102919,0.651065289637,0.688816594177,0.723300785921,0.784030824146,0.0019097789776
z_subj(empathy).24,0.645182664778,0.0521616268876,0.542002881222,0.610045635907,0.646056508936,0.682394843651,0.741151702557,0.0015539600304
z_subj(empathy).25,0.509100158869,0.057529564644,0.395369788641,0.470952642621,0.510344376886,0.548875094977,0.619828787273,0.00168409461628
z_subj(empathy).26,0.649012143316,0.0518550334129,0.544309634528,0.614859059354,0.650535868404,0.685553531786,0.745379211885,0.00162240343498
z_subj(empathy).27,0.659843898809,0.0527653104122,0.55721794715,0.623892191835,0.661653257042,0.695851409395,0.760201878987,0.00162514255054
z_subj(empathy).28,0.67136405509,0.0515591585304,0.567873270342,0.637529783506,0.672762681649,0.708493273673,0.766943159125,0.00171770610173
z_subj(empathy).29,0.598763101455,0.0611356916969,0.473620135781,0.559180981436,0.601373048864,0.63970022786,0.71534809872,0.0019158191024
z_subj(empathy).30,0.72524932452,0.0526775369624,0.613046656686,0.691420769622,0.72926548519,0.762265812295,0.817424466874,0.00179213191113
z_subj(empathy).31,0.704812170513,0.0455754463377,0.612883438322,0.67437397271,0.706293059959,0.736329346093,0.789725096733,0.00146746917846
z_subj(empathy).32,0.744620112697,0.0472671430366,0.64579300358,0.713569193201,0.748179678375,0.778399404607,0.830600340075,0.00152203265102
z_subj(emprecip).0,0.657113094957,0.0602067563202,0.536696932317,0.617585520786,0.65951446576,0.700921611077,0.765889009709,0.00200111915322
z_subj(emprecip).1,0.664761505561,0.05804034757,0.545099261772,0.626775536877,0.666771884523,0.704250787717,0.771414526109,0.00175291919001
z_subj(emprecip).2,0.644911534565,0.0500936152081,0.543320597967,0.60983646928,0.646749335062,0.679559962566,0.737641354228,0.00129893749864
z_subj(emprecip).3,0.705787307139,0.0470671864795,0.612357774144,0.674799997843,0.707052765425,0.738417192733,0.794094981839,0.00151180979646
z_subj(emprecip).4,0.605127830333,0.0588636157259,0.486927538587,0.565344279235,0.606012810009,0.646070586874,0.719338709444,0.00205917274599
z_subj(emprecip).5,0.603481366723,0.0503993272993,0.502700483858,0.569601314003,0.603978534058,0.637951612784,0.698069572814,0.00133198168976
z_subj(emprecip).6,0.667591134467,0.0516427667762,0.556447348761,0.634992084444,0.670320954547,0.702589016308,0.760131216511,0.00154585645576
z_subj(emprecip).7,0.633544492713,0.0519948618982,0.527091913655,0.600564110612,0.635103792979,0.667691632258,0.731754363875,0.0015113581949
z_subj(emprecip).8,0.683608246143,0.0500788759944,0.583371769789,0.651545081919,0.685216879575,0.719067379247,0.775069480112,0.00148010815562
z_subj(emprecip).9,0.743392536728,0.0455188373881,0.647445185567,0.714373836378,0.746957441887,0.776102010788,0.82398274485,0.00157741503468
z_subj(emprecip).10,0.762088578239,0.0451326978011,0.666285648941,0.732377845732,0.764930832796,0.792951308962,0.843942490674,0.00154375759392
z_subj(emprecip).11,0.562268673201,0.0546955754271,0.452729739212,0.52507323745,0.563084300012,0.600136377429,0.66444674333,0.00141786441287
z_subj(emprecip).12,0.600011462825,0.0526122241257,0.493656935362,0.563366208638,0.600607015443,0.637310294768,0.700309698323,0.00132481107223
z_subj(emprecip).13,0.580773875445,0.0581669007662,0.459643936771,0.543677068214,0.583148264149,0.619893501103,0.689835014945,0.00196627823321
z_subj(emprecip).14,0.588004080221,0.0581229232807,0.471679425469,0.549516674552,0.589250286721,0.627981484226,0.696711997776,0.00197364130784
z_subj(emprecip).15,0.637399914597,0.0538847876476,0.530458264955,0.600837316433,0.639614522436,0.676150279468,0.735577732192,0.00156784439864
z_subj(emprecip).16,0.702308148397,0.0533566562749,0.592528158695,0.668051627549,0.704071855057,0.740316290202,0.799528910697,0.00167021213948
z_subj(emprecip).17,0.738189489659,0.0578737998108,0.609783730654,0.701950995479,0.743580813806,0.779978373592,0.835252197732,0.00211368744999
z_subj(emprecip).18,0.703350400807,0.04966416843,0.605502642842,0.671282009147,0.705324009454,0.738366246223,0.793469921656,0.00141500943431
z_subj(emprecip).19,0.561392910525,0.0597072886137,0.440776921445,0.521274967247,0.563716605465,0.603907601188,0.675928755049,0.00177843794484
z_subj(emprecip).20,0.64523706639,0.0495166258489,0.542545765671,0.613646263153,0.647053282533,0.6802480769,0.734013436232,0.00117378274174
z_subj(emprecip).21,0.687698574965,0.0516667031275,0.578927258731,0.65388988382,0.689430749565,0.724359864534,0.78506323248,0.00161653071983
z_subj(emprecip).22,0.61102995602,0.052983215357,0.506947110168,0.575575635555,0.611129346188,0.64660651372,0.715561273788,0.00142669375632
z_subj(emprecip).23,0.669994231044,0.057679742301,0.55337930138,0.633302859884,0.671966717846,0.710227344219,0.779598672374,0.00187034030239
z_subj(emprecip).24,0.636014922589,0.0499758528783,0.533818184275,0.604508493973,0.637002978978,0.671233201193,0.726455205926,0.0012897601331
z_subj(emprecip).25,0.628062233339,0.0513506043281,0.527374759832,0.594086482576,0.628099114969,0.663497746335,0.727024932571,0.00148397865591
z_subj(emprecip).26,0.680604895568,0.0490295294302,0.578529189686,0.648390402828,0.682334417134,0.71503241336,0.77258425778,0.00163686528915
z_subj(emprecip).27,0.725059100378,0.0570582468765,0.605458026392,0.688074165414,0.726921656546,0.765740628325,0.826750148347,0.00201814626217
z_subj(emprecip).28,0.658435176119,0.0555750612494,0.542248786083,0.622455072753,0.660518747646,0.697820068748,0.759480937431,0.00195023686226
z_subj(emprecip).29,0.716205786592,0.0560223427588,0.598348976348,0.681068963996,0.719221108372,0.754522375948,0.818758206114,0.00206527972704
z_subj(emprecip).30,0.64278731299,0.0567893084748,0.52290034939,0.607332289717,0.645773492133,0.681667013074,0.746560588364,0.00178648504084
z_subj(emprecip).31,0.57496457973,0.0530597191732,0.4708838752,0.537935370138,0.576413041355,0.612226982163,0.677109614064,0.00128670302801
z_subj(emprecip).32,0.679366454745,0.0470044121625,0.58361854158,0.647759544334,0.6816967219,0.712175785213,0.768693435738,0.00122185275976
z_subj(reciprocity).0,0.736348069204,0.0622462547751,0.609332554342,0.695007922675,0.739561919617,0.779861788097,0.851298011977,0.00270227112158
z_subj(reciprocity).1,0.587033320137,0.0519250123348,0.484492616366,0.553497311624,0.587575491479,0.62313600604,0.684490833164,0.00146743710339
z_subj(reciprocity).2,0.545345216418,0.0548738050793,0.434335698753,0.510541931563,0.54563234966,0.582594987053,0.651470565058,0.00142309428335
z_subj(reciprocity).3,0.61742400823,0.0526203365919,0.511065687776,0.582180644456,0.618318297475,0.653004440492,0.71799005558,0.00137565384032
z_subj(reciprocity).4,0.687537661845,0.0553427269484,0.578307464298,0.649818361225,0.691293150732,0.726997562712,0.786809575544,0.00193838876618
z_subj(reciprocity).5,0.741878005141,0.050627448161,0.635339525959,0.709497718034,0.743244750051,0.777547368683,0.834062793156,0.00180326421402
z_subj(reciprocity).6,0.707041885855,0.0489060772741,0.603419929673,0.677036357706,0.709960823453,0.740551407207,0.798951802796,0.00173703348253
z_subj(reciprocity).7,0.524641143431,0.0566003075257,0.412973732888,0.486753412335,0.525847453136,0.562422439552,0.633846395911,0.00152543096376
z_subj(reciprocity).8,0.584421723066,0.0557141527675,0.473227567859,0.54817679181,0.584445166146,0.621387578832,0.692288778335,0.00145143426831
z_subj(reciprocity).9,0.711032717266,0.04833117902,0.608843249483,0.679536097232,0.71336289081,0.746361596973,0.796808307778,0.0014460509589
z_subj(reciprocity).10,0.609859296836,0.055010593569,0.500661625867,0.574119225109,0.61067649814,0.647111166913,0.717296061111,0.00173056608708
z_subj(reciprocity).11,0.528816967783,0.0604465819747,0.41191703812,0.487423744207,0.529433801862,0.570548793609,0.648059057093,0.00167917484603
z_subj(reciprocity).12,0.589846942376,0.0527419050069,0.479262463857,0.555883429906,0.590295844764,0.626179494253,0.687814256581,0.00138996458526
z_subj(reciprocity).13,0.721904876302,0.0581932332574,0.602711320998,0.683048637837,0.72539316417,0.763917440825,0.82603841653,0.00220520741666
z_subj(reciprocity).14,0.613986670957,0.0473925270302,0.514989072611,0.584202731371,0.614161966115,0.646644132226,0.701920414709,0.00102453442157
z_subj(reciprocity).15,0.664461106229,0.0545613334733,0.552618295558,0.6282600294,0.665858197221,0.704043954066,0.765013494343,0.00166155182752
z_subj(reciprocity).16,0.607217418735,0.055934101722,0.493459482704,0.569541990488,0.609392842752,0.644381396443,0.715199120467,0.00177533003252
z_subj(reciprocity).17,0.672797260792,0.0573037809276,0.551377872754,0.635675646361,0.675565666694,0.713063137531,0.775305331097,0.00202176467137
z_subj(reciprocity).18,0.559147314849,0.0542747046761,0.449108746463,0.523867586839,0.560441193972,0.596655923703,0.662485279189,0.00131444191395
z_subj(reciprocity).19,0.613474765933,0.0490014038392,0.516892834845,0.580961341725,0.614084701049,0.647217232805,0.706325482095,0.0013895497022
z_subj(reciprocity).20,0.577660383831,0.0527094888038,0.469735095868,0.542711998103,0.579674900523,0.614316657166,0.67914979089,0.00143010718297
z_subj(reciprocity).21,0.670050294486,0.0507356749101,0.566325324193,0.63602151124,0.672042259601,0.706642624412,0.761410290091,0.00151058225859
z_subj(reciprocity).22,0.548914354299,0.0566592680602,0.439588546501,0.510404634019,0.547646185607,0.587903380605,0.661987882316,0.00200398070189
z_subj(reciprocity).23,0.643358970177,0.0575147429844,0.529620588146,0.604814340366,0.644874185936,0.68278659417,0.751577237684,0.00172115564424
z_subj(reciprocity).24,0.593189311598,0.0507081022215,0.493865948238,0.560061430501,0.592960065353,0.628275556685,0.689751276852,0.00135424639756
z_subj(reciprocity).25,0.58983578845,0.0503047136331,0.487666587212,0.556042499425,0.591175756634,0.625326705089,0.685568995103,0.00123066523615
z_subj(reciprocity).26,0.557532325801,0.0528165309195,0.45327658999,0.522027303409,0.558705351289,0.593828648619,0.659811412273,0.00128138476492
z_subj(reciprocity).27,0.619101188725,0.0544416479941,0.511605547102,0.582288607483,0.620452810514,0.657761697168,0.721504800348,0.00157689151511
z_subj(reciprocity).28,0.635655367476,0.0539349385517,0.52470942077,0.600459845245,0.636845024562,0.671829632501,0.738605080724,0.00161358499485
z_subj(reciprocity).29,0.621130910921,0.0585295621552,0.502199889099,0.582550755981,0.62334857738,0.662026022736,0.732827274338,0.00170832203862
z_subj(reciprocity).30,0.614082489207,0.0557054489635,0.498436486825,0.576899884485,0.616473283657,0.652464136793,0.721158438812,0.00151710392045
z_subj(reciprocity).31,0.664490862833,0.0474632130998,0.570632624312,0.632974740682,0.666314092833,0.697704906901,0.753124237064,0.00108784288654
z_subj(reciprocity).32,0.669501831472,0.0485144498199,0.569461248019,0.63783850247,0.671303299367,0.702012692697,0.759962663784,0.00130569018673
p_outlier,0.00420113463333,0.00175572219472,0.00146421357465,0.00293133292273,0.00397705192529,0.00525470015075,0.00838695854416,5.71292598507e-05
